{
  "aht": {
    "accuracy": 0.8295136948015651,
    "precision": 0.8291370558375635,
    "recall": 0.830064030897449,
    "f1_score": 0.8296002844227741,
    "confusion_matrix": [
      [
        8157,
        1683
      ],
      [
        1672,
        8167
      ]
    ]
  },
  "rnn": {
    "accuracy": 0.8529904974846283,
    "precision": 0.8512338187702265,
    "recall": 0.8554731171867059,
    "f1_score": 0.853348202970548,
    "confusion_matrix": [
      [
        8369,
        1471
      ],
      [
        1422,
        8417
      ]
    ]
  },
  "hybrid": {
    "accuracy": 0.9928858173687687,
    "precision": 0.9888116117326883,
    "recall": 0.9970525459904462,
    "f1_score": 0.992914979757085,
    "confusion_matrix": [
      [
        9729,
        111
      ],
      [
        29,
        9810
      ]
    ]
  }
}